IF,D,0.01,0.03,1300
VVS1,D,0.01,0.03,1300
VVS2,D,0.01,0.03,1300
VS1,D,0.01,0.03,1000
VS2,D,0.01,0.03,1000
SI1,D,0.01,0.03,730
SI2,D,0.01,0.03,600
SI3,D,0.01,0.03,520
I1,D,0.01,0.03,470
I2,D,0.01,0.03,400
I3,D,0.01,0.03,320
IF,E,0.01,0.03,1300
VVS1,E,0.01,0.03,1300
VVS2,E,0.01,0.03,1300
VS1,E,0.01,0.03,1000
VS2,E,0.01,0.03,1000
SI1,E,0.01,0.03,730
SI2,E,0.01,0.03,600
SI3,E,0.01,0.03,520
I1,E,0.01,0.03,470
I2,E,0.01,0.03,400
I3,E,0.01,0.03,320
IF,F,0.01,0.03,1300
VVS1,F,0.01,0.03,1300
VVS2,F,0.01,0.03,1300
VS1,F,0.01,0.03,1000
VS2,F,0.01,0.03,1000
SI1,F,0.01,0.03,730
SI2,F,0.01,0.03,600
SI3,F,0.01,0.03,520
I1,F,0.01,0.03,470
I2,F,0.01,0.03,400
I3,F,0.01,0.03,320
IF,G,0.01,0.03,1000
VVS1,G,0.01,0.03,1000
VVS2,G,0.01,0.03,1000
VS1,G,0.01,0.03,850
VS2,G,0.01,0.03,850
SI1,G,0.01,0.03,650
SI2,G,0.01,0.03,550
SI3,G,0.01,0.03,480
I1,G,0.01,0.03,450
I2,G,0.01,0.03,380
I3,G,0.01,0.03,300
IF,H,0.01,0.03,1000
VVS1,H,0.01,0.03,1000
VVS2,H,0.01,0.03,1000
VS1,H,0.01,0.03,850
VS2,H,0.01,0.03,850
SI1,H,0.01,0.03,650
SI2,H,0.01,0.03,550
SI3,H,0.01,0.03,480
I1,H,0.01,0.03,450
I2,H,0.01,0.03,380
I3,H,0.01,0.03,300
IF,I,0.01,0.03,750
VVS1,I,0.01,0.03,750
VVS2,I,0.01,0.03,750
VS1,I,0.01,0.03,680
VS2,I,0.01,0.03,680
SI1,I,0.01,0.03,580
SI2,I,0.01,0.03,500
SI3,I,0.01,0.03,440
I1,I,0.01,0.03,420
I2,I,0.01,0.03,350
I3,I,0.01,0.03,270
IF,J,0.01,0.03,750
VVS1,J,0.01,0.03,750
VVS2,J,0.01,0.03,750
VS1,J,0.01,0.03,680
VS2,J,0.01,0.03,680
SI1,J,0.01,0.03,580
SI2,J,0.01,0.03,500
SI3,J,0.01,0.03,440
I1,J,0.01,0.03,420
I2,J,0.01,0.03,350
I3,J,0.01,0.03,270
IF,K,0.01,0.03,490
VVS1,K,0.01,0.03,490
VVS2,K,0.01,0.03,490
VS1,K,0.01,0.03,420
VS2,K,0.01,0.03,420
SI1,K,0.01,0.03,390
SI2,K,0.01,0.03,350
SI3,K,0.01,0.03,310
I1,K,0.01,0.03,260
I2,K,0.01,0.03,220
I3,K,0.01,0.03,160
IF,L,0.01,0.03,490
VVS1,L,0.01,0.03,490
VVS2,L,0.01,0.03,490
VS1,L,0.01,0.03,420
VS2,L,0.01,0.03,420
SI1,L,0.01,0.03,390
SI2,L,0.01,0.03,350
SI3,L,0.01,0.03,310
I1,L,0.01,0.03,260
I2,L,0.01,0.03,220
I3,L,0.01,0.03,160
IF,M,0.01,0.03,360
VVS1,M,0.01,0.03,360
VVS2,M,0.01,0.03,360
VS1,M,0.01,0.03,300
VS2,M,0.01,0.03,300
SI1,M,0.01,0.03,240
SI2,M,0.01,0.03,210
SI3,M,0.01,0.03,180
I1,M,0.01,0.03,150
I2,M,0.01,0.03,130
I3,M,0.01,0.03,100
IF,N,0.01,0.03,360
VVS1,N,0.01,0.03,360
VVS2,N,0.01,0.03,360
VS1,N,0.01,0.03,300
VS2,N,0.01,0.03,300
SI1,N,0.01,0.03,240
SI2,N,0.01,0.03,210
SI3,N,0.01,0.03,180
I1,N,0.01,0.03,150
I2,N,0.01,0.03,130
I3,N,0.01,0.03,100
IF,D,0.04,0.07,1300
VVS1,D,0.04,0.07,1300
VVS2,D,0.04,0.07,1300
VS1,D,0.04,0.07,1000
VS2,D,0.04,0.07,1000
SI1,D,0.04,0.07,730
SI2,D,0.04,0.07,600
SI3,D,0.04,0.07,540
I1,D,0.04,0.07,480
I2,D,0.04,0.07,420
I3,D,0.04,0.07,340
IF,E,0.04,0.07,1300
VVS1,E,0.04,0.07,1300
VVS2,E,0.04,0.07,1300
VS1,E,0.04,0.07,1000
VS2,E,0.04,0.07,1000
SI1,E,0.04,0.07,730
SI2,E,0.04,0.07,600
SI3,E,0.04,0.07,540
I1,E,0.04,0.07,480
I2,E,0.04,0.07,420
I3,E,0.04,0.07,340
IF,F,0.04,0.07,1300
VVS1,F,0.04,0.07,1300
VVS2,F,0.04,0.07,1300
VS1,F,0.04,0.07,1000
VS2,F,0.04,0.07,1000
SI1,F,0.04,0.07,730
SI2,F,0.04,0.07,600
SI3,F,0.04,0.07,540
I1,F,0.04,0.07,480
I2,F,0.04,0.07,420
I3,F,0.04,0.07,340
IF,G,0.04,0.07,1000
VVS1,G,0.04,0.07,1000
VVS2,G,0.04,0.07,1000
VS1,G,0.04,0.07,850
VS2,G,0.04,0.07,850
SI1,G,0.04,0.07,650
SI2,G,0.04,0.07,550
SI3,G,0.04,0.07,500
I1,G,0.04,0.07,460
I2,G,0.04,0.07,400
I3,G,0.04,0.07,320
IF,H,0.04,0.07,1000
VVS1,H,0.04,0.07,1000
VVS2,H,0.04,0.07,1000
VS1,H,0.04,0.07,850
VS2,H,0.04,0.07,850
SI1,H,0.04,0.07,650
SI2,H,0.04,0.07,550
SI3,H,0.04,0.07,500
I1,H,0.04,0.07,460
I2,H,0.04,0.07,400
I3,H,0.04,0.07,320
IF,I,0.04,0.07,750
VVS1,I,0.04,0.07,750
VVS2,I,0.04,0.07,750
VS1,I,0.04,0.07,690
VS2,I,0.04,0.07,690
SI1,I,0.04,0.07,580
SI2,I,0.04,0.07,500
SI3,I,0.04,0.07,460
I1,I,0.04,0.07,440
I2,I,0.04,0.07,370
I3,I,0.04,0.07,300
IF,J,0.04,0.07,750
VVS1,J,0.04,0.07,750
VVS2,J,0.04,0.07,750
VS1,J,0.04,0.07,690
VS2,J,0.04,0.07,690
SI1,J,0.04,0.07,580
SI2,J,0.04,0.07,500
SI3,J,0.04,0.07,460
I1,J,0.04,0.07,440
I2,J,0.04,0.07,370
I3,J,0.04,0.07,300
IF,K,0.04,0.07,530
VVS1,K,0.04,0.07,530
VVS2,K,0.04,0.07,530
VS1,K,0.04,0.07,480
VS2,K,0.04,0.07,480
SI1,K,0.04,0.07,440
SI2,K,0.04,0.07,380
SI3,K,0.04,0.07,340
I1,K,0.04,0.07,310
I2,K,0.04,0.07,250
I3,K,0.04,0.07,200
IF,L,0.04,0.07,530
VVS1,L,0.04,0.07,530
VVS2,L,0.04,0.07,530
VS1,L,0.04,0.07,480
VS2,L,0.04,0.07,480
SI1,L,0.04,0.07,440
SI2,L,0.04,0.07,380
SI3,L,0.04,0.07,340
I1,L,0.04,0.07,310
I2,L,0.04,0.07,250
I3,L,0.04,0.07,200
IF,M,0.04,0.07,400
VVS1,M,0.04,0.07,400
VVS2,M,0.04,0.07,400
VS1,M,0.04,0.07,350
VS2,M,0.04,0.07,350
SI1,M,0.04,0.07,270
SI2,M,0.04,0.07,240
SI3,M,0.04,0.07,200
I1,M,0.04,0.07,180
I2,M,0.04,0.07,150
I3,M,0.04,0.07,120
IF,N,0.04,0.07,400
VVS1,N,0.04,0.07,400
VVS2,N,0.04,0.07,400
VS1,N,0.04,0.07,350
VS2,N,0.04,0.07,350
SI1,N,0.04,0.07,270
SI2,N,0.04,0.07,240
SI3,N,0.04,0.07,200
I1,N,0.04,0.07,180
I2,N,0.04,0.07,150
I3,N,0.04,0.07,120
IF,D,0.08,0.14,1300
VVS1,D,0.08,0.14,1300
VVS2,D,0.08,0.14,1300
VS1,D,0.08,0.14,1050
VS2,D,0.08,0.14,1050
SI1,D,0.08,0.14,860
SI2,D,0.08,0.14,760
SI3,D,0.08,0.14,670
I1,D,0.08,0.14,550
I2,D,0.08,0.14,470
I3,D,0.08,0.14,400
IF,E,0.08,0.14,1300
VVS1,E,0.08,0.14,1300
VVS2,E,0.08,0.14,1300
VS1,E,0.08,0.14,1050
VS2,E,0.08,0.14,1050
SI1,E,0.08,0.14,860
SI2,E,0.08,0.14,760
SI3,E,0.08,0.14,670
I1,E,0.08,0.14,550
I2,E,0.08,0.14,470
I3,E,0.08,0.14,400
IF,F,0.08,0.14,1300
VVS1,F,0.08,0.14,1300
VVS2,F,0.08,0.14,1300
VS1,F,0.08,0.14,1050
VS2,F,0.08,0.14,1050
SI1,F,0.08,0.14,860
SI2,F,0.08,0.14,760
SI3,F,0.08,0.14,670
I1,F,0.08,0.14,550
I2,F,0.08,0.14,470
I3,F,0.08,0.14,400
IF,G,0.08,0.14,1050
VVS1,G,0.08,0.14,1050
VVS2,G,0.08,0.14,1050
VS1,G,0.08,0.14,910
VS2,G,0.08,0.14,910
SI1,G,0.08,0.14,770
SI2,G,0.08,0.14,670
SI3,G,0.08,0.14,600
I1,G,0.08,0.14,490
I2,G,0.08,0.14,420
I3,G,0.08,0.14,360
IF,H,0.08,0.14,1050
VVS1,H,0.08,0.14,1050
VVS2,H,0.08,0.14,1050
VS1,H,0.08,0.14,910
VS2,H,0.08,0.14,910
SI1,H,0.08,0.14,770
SI2,H,0.08,0.14,670
SI3,H,0.08,0.14,600
I1,H,0.08,0.14,490
I2,H,0.08,0.14,420
I3,H,0.08,0.14,360
IF,I,0.08,0.14,900
VVS1,I,0.08,0.14,900
VVS2,I,0.08,0.14,900
VS1,I,0.08,0.14,810
VS2,I,0.08,0.14,810
SI1,I,0.08,0.14,690
SI2,I,0.08,0.14,600
SI3,I,0.08,0.14,530
I1,I,0.08,0.14,450
I2,I,0.08,0.14,390
I3,I,0.08,0.14,330
IF,J,0.08,0.14,900
VVS1,J,0.08,0.14,900
VVS2,J,0.08,0.14,900
VS1,J,0.08,0.14,810
VS2,J,0.08,0.14,810
SI1,J,0.08,0.14,690
SI2,J,0.08,0.14,600
SI3,J,0.08,0.14,530
I1,J,0.08,0.14,450
I2,J,0.08,0.14,390
I3,J,0.08,0.14,330
IF,K,0.08,0.14,680
VVS1,K,0.08,0.14,680
VVS2,K,0.08,0.14,680
VS1,K,0.08,0.14,620
VS2,K,0.08,0.14,620
SI1,K,0.08,0.14,530
SI2,K,0.08,0.14,450
SI3,K,0.08,0.14,380
I1,K,0.08,0.14,330
I2,K,0.08,0.14,280
I3,K,0.08,0.14,230
IF,L,0.08,0.14,680
VVS1,L,0.08,0.14,680
VVS2,L,0.08,0.14,680
VS1,L,0.08,0.14,620
VS2,L,0.08,0.14,620
SI1,L,0.08,0.14,530
SI2,L,0.08,0.14,450
SI3,L,0.08,0.14,380
I1,L,0.08,0.14,330
I2,L,0.08,0.14,280
I3,L,0.08,0.14,230
IF,M,0.08,0.14,460
VVS1,M,0.08,0.14,460
VVS2,M,0.08,0.14,460
VS1,M,0.08,0.14,410
VS2,M,0.08,0.14,410
SI1,M,0.08,0.14,350
SI2,M,0.08,0.14,310
SI3,M,0.08,0.14,280
I1,M,0.08,0.14,230
I2,M,0.08,0.14,180
I3,M,0.08,0.14,140
IF,N,0.08,0.14,460
VVS1,N,0.08,0.14,460
VVS2,N,0.08,0.14,460
VS1,N,0.08,0.14,410
VS2,N,0.08,0.14,410
SI1,N,0.08,0.14,350
SI2,N,0.08,0.14,310
SI3,N,0.08,0.14,280
I1,N,0.08,0.14,230
I2,N,0.08,0.14,180
I3,N,0.08,0.14,140
IF,D,0.15,0.17,1530
VVS1,D,0.15,0.17,1530
VVS2,D,0.15,0.17,1530
VS1,D,0.15,0.17,1320
VS2,D,0.15,0.17,1320
SI1,D,0.15,0.17,1010
SI2,D,0.15,0.17,860
SI3,D,0.15,0.17,730
I1,D,0.15,0.17,590
I2,D,0.15,0.17,490
I3,D,0.15,0.17,410
IF,E,0.15,0.17,1530
VVS1,E,0.15,0.17,1530
VVS2,E,0.15,0.17,1530
VS1,E,0.15,0.17,1320
VS2,E,0.15,0.17,1320
SI1,E,0.15,0.17,1010
SI2,E,0.15,0.17,860
SI3,E,0.15,0.17,730
I1,E,0.15,0.17,590
I2,E,0.15,0.17,490
I3,E,0.15,0.17,410
IF,F,0.15,0.17,1530
VVS1,F,0.15,0.17,1530
VVS2,F,0.15,0.17,1530
VS1,F,0.15,0.17,1320
VS2,F,0.15,0.17,1320
SI1,F,0.15,0.17,1010
SI2,F,0.15,0.17,860
SI3,F,0.15,0.17,730
I1,F,0.15,0.17,590
I2,F,0.15,0.17,490
I3,F,0.15,0.17,410
IF,G,0.15,0.17,1320
VVS1,G,0.15,0.17,1320
VVS2,G,0.15,0.17,1320
VS1,G,0.15,0.17,1150
VS2,G,0.15,0.17,1150
SI1,G,0.15,0.17,910
SI2,G,0.15,0.17,740
SI3,G,0.15,0.17,630
I1,G,0.15,0.17,520
I2,G,0.15,0.17,440
I3,G,0.15,0.17,370
IF,H,0.15,0.17,1320
VVS1,H,0.15,0.17,1320
VVS2,H,0.15,0.17,1320
VS1,H,0.15,0.17,1150
VS2,H,0.15,0.17,1150
SI1,H,0.15,0.17,910
SI2,H,0.15,0.17,740
SI3,H,0.15,0.17,630
I1,H,0.15,0.17,520
I2,H,0.15,0.17,440
I3,H,0.15,0.17,370
IF,I,0.15,0.17,1120
VVS1,I,0.15,0.17,1120
VVS2,I,0.15,0.17,1120
VS1,I,0.15,0.17,1000
VS2,I,0.15,0.17,1000
SI1,I,0.15,0.17,780
SI2,I,0.15,0.17,650
SI3,I,0.15,0.17,550
I1,I,0.15,0.17,460
I2,I,0.15,0.17,410
I3,I,0.15,0.17,340
IF,J,0.15,0.17,1120
VVS1,J,0.15,0.17,1120
VVS2,J,0.15,0.17,1120
VS1,J,0.15,0.17,1000
VS2,J,0.15,0.17,1000
SI1,J,0.15,0.17,780
SI2,J,0.15,0.17,650
SI3,J,0.15,0.17,550
I1,J,0.15,0.17,460
I2,J,0.15,0.17,410
I3,J,0.15,0.17,340
IF,K,0.15,0.17,820
VVS1,K,0.15,0.17,820
VVS2,K,0.15,0.17,820
VS1,K,0.15,0.17,730
VS2,K,0.15,0.17,730
SI1,K,0.15,0.17,580
SI2,K,0.15,0.17,510
SI3,K,0.15,0.17,410
I1,K,0.15,0.17,350
I2,K,0.15,0.17,290
I3,K,0.15,0.17,240
IF,L,0.15,0.17,820
VVS1,L,0.15,0.17,820
VVS2,L,0.15,0.17,820
VS1,L,0.15,0.17,730
VS2,L,0.15,0.17,730
SI1,L,0.15,0.17,580
SI2,L,0.15,0.17,510
SI3,L,0.15,0.17,410
I1,L,0.15,0.17,350
I2,L,0.15,0.17,290
I3,L,0.15,0.17,240
IF,M,0.15,0.17,550
VVS1,M,0.15,0.17,550
VVS2,M,0.15,0.17,550
VS1,M,0.15,0.17,460
VS2,M,0.15,0.17,460
SI1,M,0.15,0.17,390
SI2,M,0.15,0.17,340
SI3,M,0.15,0.17,310
I1,M,0.15,0.17,240
I2,M,0.15,0.17,190
I3,M,0.15,0.17,170
IF,N,0.15,0.17,550
VVS1,N,0.15,0.17,550
VVS2,N,0.15,0.17,550
VS1,N,0.15,0.17,460
VS2,N,0.15,0.17,460
SI1,N,0.15,0.17,390
SI2,N,0.15,0.17,340
SI3,N,0.15,0.17,310
I1,N,0.15,0.17,240
I2,N,0.15,0.17,190
I3,N,0.15,0.17,170
IF,D,0.18,0.22,1600
VVS1,D,0.18,0.22,1600
VVS2,D,0.18,0.22,1600
VS1,D,0.18,0.22,1360
VS2,D,0.18,0.22,1360
SI1,D,0.18,0.22,1100
SI2,D,0.18,0.22,960
SI3,D,0.18,0.22,830
I1,D,0.18,0.22,660
I2,D,0.18,0.22,540
I3,D,0.18,0.22,430
IF,E,0.18,0.22,1600
VVS1,E,0.18,0.22,1600
VVS2,E,0.18,0.22,1600
VS1,E,0.18,0.22,1360
VS2,E,0.18,0.22,1360
SI1,E,0.18,0.22,1100
SI2,E,0.18,0.22,960
SI3,E,0.18,0.22,830
I1,E,0.18,0.22,660
I2,E,0.18,0.22,540
I3,E,0.18,0.22,430
IF,F,0.18,0.22,1600
VVS1,F,0.18,0.22,1600
VVS2,F,0.18,0.22,1600
VS1,F,0.18,0.22,1360
VS2,F,0.18,0.22,1360
SI1,F,0.18,0.22,1100
SI2,F,0.18,0.22,960
SI3,F,0.18,0.22,830
I1,F,0.18,0.22,660
I2,F,0.18,0.22,540
I3,F,0.18,0.22,430
IF,G,0.18,0.22,1460
VVS1,G,0.18,0.22,1460
VVS2,G,0.18,0.22,1460
VS1,G,0.18,0.22,1250
VS2,G,0.18,0.22,1250
SI1,G,0.18,0.22,1010
SI2,G,0.18,0.22,870
SI3,G,0.18,0.22,750
I1,G,0.18,0.22,590
I2,G,0.18,0.22,500
I3,G,0.18,0.22,400
IF,H,0.18,0.22,1460
VVS1,H,0.18,0.22,1460
VVS2,H,0.18,0.22,1460
VS1,H,0.18,0.22,1250
VS2,H,0.18,0.22,1250
SI1,H,0.18,0.22,1010
SI2,H,0.18,0.22,870
SI3,H,0.18,0.22,750
I1,H,0.18,0.22,590
I2,H,0.18,0.22,500
I3,H,0.18,0.22,400
IF,I,0.18,0.22,1240
VVS1,I,0.18,0.22,1240
VVS2,I,0.18,0.22,1240
VS1,I,0.18,0.22,1080
VS2,I,0.18,0.22,1080
SI1,I,0.18,0.22,870
SI2,I,0.18,0.22,750
SI3,I,0.18,0.22,640
I1,I,0.18,0.22,510
I2,I,0.18,0.22,450
I3,I,0.18,0.22,360
IF,J,0.18,0.22,1240
VVS1,J,0.18,0.22,1240
VVS2,J,0.18,0.22,1240
VS1,J,0.18,0.22,1080
VS2,J,0.18,0.22,1080
SI1,J,0.18,0.22,870
SI2,J,0.18,0.22,750
SI3,J,0.18,0.22,640
I1,J,0.18,0.22,510
I2,J,0.18,0.22,450
I3,J,0.18,0.22,360
IF,K,0.18,0.22,950
VVS1,K,0.18,0.22,950
VVS2,K,0.18,0.22,950
VS1,K,0.18,0.22,800
VS2,K,0.18,0.22,800
SI1,K,0.18,0.22,680
SI2,K,0.18,0.22,580
SI3,K,0.18,0.22,490
I1,K,0.18,0.22,430
I2,K,0.18,0.22,330
I3,K,0.18,0.22,260
IF,L,0.18,0.22,950
VVS1,L,0.18,0.22,950
VVS2,L,0.18,0.22,950
VS1,L,0.18,0.22,800
VS2,L,0.18,0.22,800
SI1,L,0.18,0.22,680
SI2,L,0.18,0.22,580
SI3,L,0.18,0.22,490
I1,L,0.18,0.22,430
I2,L,0.18,0.22,330
I3,L,0.18,0.22,260
IF,M,0.18,0.22,800
VVS1,M,0.18,0.22,800
VVS2,M,0.18,0.22,800
VS1,M,0.18,0.22,660
VS2,M,0.18,0.22,660
SI1,M,0.18,0.22,570
SI2,M,0.18,0.22,460
SI3,M,0.18,0.22,400
I1,M,0.18,0.22,300
I2,M,0.18,0.22,220
I3,M,0.18,0.22,180
IF,N,0.18,0.22,800
VVS1,N,0.18,0.22,800
VVS2,N,0.18,0.22,800
VS1,N,0.18,0.22,660
VS2,N,0.18,0.22,660
SI1,N,0.18,0.22,570
SI2,N,0.18,0.22,460
SI3,N,0.18,0.22,400
I1,N,0.18,0.22,300
I2,N,0.18,0.22,220
I3,N,0.18,0.22,180
IF,D,0.23,0.29,2200
VVS1,D,0.23,0.29,2200
VVS2,D,0.23,0.29,2200
VS1,D,0.23,0.29,1750
VS2,D,0.23,0.29,1750
SI1,D,0.23,0.29,1300
SI2,D,0.23,0.29,1070
SI3,D,0.23,0.29,940
I1,D,0.23,0.29,770
I2,D,0.23,0.29,620
I3,D,0.23,0.29,480
IF,E,0.23,0.29,2200
VVS1,E,0.23,0.29,2200
VVS2,E,0.23,0.29,2200
VS1,E,0.23,0.29,1750
VS2,E,0.23,0.29,1750
SI1,E,0.23,0.29,1300
SI2,E,0.23,0.29,1070
SI3,E,0.23,0.29,940
I1,E,0.23,0.29,770
I2,E,0.23,0.29,620
I3,E,0.23,0.29,480
IF,F,0.23,0.29,2200
VVS1,F,0.23,0.29,2200
VVS2,F,0.23,0.29,2200
VS1,F,0.23,0.29,1750
VS2,F,0.23,0.29,1750
SI1,F,0.23,0.29,1300
SI2,F,0.23,0.29,1070
SI3,F,0.23,0.29,940
I1,F,0.23,0.29,770
I2,F,0.23,0.29,620
I3,F,0.23,0.29,480
IF,G,0.23,0.29,1810
VVS1,G,0.23,0.29,1810
VVS2,G,0.23,0.29,1810
VS1,G,0.23,0.29,1480
VS2,G,0.23,0.29,1480
SI1,G,0.23,0.29,1150
SI2,G,0.23,0.29,1000
SI3,G,0.23,0.29,850
I1,G,0.23,0.29,690
I2,G,0.23,0.29,540
I3,G,0.23,0.29,450
IF,H,0.23,0.29,1810
VVS1,H,0.23,0.29,1810
VVS2,H,0.23,0.29,1810
VS1,H,0.23,0.29,1480
VS2,H,0.23,0.29,1480
SI1,H,0.23,0.29,1150
SI2,H,0.23,0.29,1000
SI3,H,0.23,0.29,850
I1,H,0.23,0.29,690
I2,H,0.23,0.29,540
I3,H,0.23,0.29,450
IF,I,0.23,0.29,1500
VVS1,I,0.23,0.29,1500
VVS2,I,0.23,0.29,1500
VS1,I,0.23,0.29,1210
VS2,I,0.23,0.29,1210
SI1,I,0.23,0.29,950
SI2,I,0.23,0.29,850
SI3,I,0.23,0.29,730
I1,I,0.23,0.29,580
I2,I,0.23,0.29,480
I3,I,0.23,0.29,400
IF,J,0.23,0.29,1500
VVS1,J,0.23,0.29,1500
VVS2,J,0.23,0.29,1500
VS1,J,0.23,0.29,1210
VS2,J,0.23,0.29,1210
SI1,J,0.23,0.29,950
SI2,J,0.23,0.29,850
SI3,J,0.23,0.29,730
I1,J,0.23,0.29,580
I2,J,0.23,0.29,480
I3,J,0.23,0.29,400
IF,K,0.23,0.29,1150
VVS1,K,0.23,0.29,1150
VVS2,K,0.23,0.29,1150
VS1,K,0.23,0.29,1000
VS2,K,0.23,0.29,1000
SI1,K,0.23,0.29,770
SI2,K,0.23,0.29,700
SI3,K,0.23,0.29,620
I1,K,0.23,0.29,470
I2,K,0.23,0.29,370
I3,K,0.23,0.29,290
IF,L,0.23,0.29,1150
VVS1,L,0.23,0.29,1150
VVS2,L,0.23,0.29,1150
VS1,L,0.23,0.29,1000
VS2,L,0.23,0.29,1000
SI1,L,0.23,0.29,770
SI2,L,0.23,0.29,700
SI3,L,0.23,0.29,620
I1,L,0.23,0.29,470
I2,L,0.23,0.29,370
I3,L,0.23,0.29,290
IF,M,0.23,0.29,960
VVS1,M,0.23,0.29,960
VVS2,M,0.23,0.29,960
VS1,M,0.23,0.29,850
VS2,M,0.23,0.29,850
SI1,M,0.23,0.29,670
SI2,M,0.23,0.29,580
SI3,M,0.23,0.29,510
I1,M,0.23,0.29,360
I2,M,0.23,0.29,270
I3,M,0.23,0.29,210
IF,N,0.23,0.29,960
VVS1,N,0.23,0.29,960
VVS2,N,0.23,0.29,960
VS1,N,0.23,0.29,850
VS2,N,0.23,0.29,850
SI1,N,0.23,0.29,670
SI2,N,0.23,0.29,580
SI3,N,0.23,0.29,510
I1,N,0.23,0.29,360
I2,N,0.23,0.29,270
I3,N,0.23,0.29,210
IF,D,0.3,0.39,4700
VVS1,D,0.3,0.39,4000
VVS2,D,0.3,0.39,3500
VS1,D,0.3,0.39,3100
VS2,D,0.3,0.39,2700
SI1,D,0.3,0.39,2200
SI2,D,0.3,0.39,1900
SI3,D,0.3,0.39,1700
I1,D,0.3,0.39,1500
I2,D,0.3,0.39,1100
I3,D,0.3,0.39,700
IF,E,0.3,0.39,4000
VVS1,E,0.3,0.39,3600
VVS2,E,0.3,0.39,3200
VS1,E,0.3,0.39,2800
VS2,E,0.3,0.39,2500
SI1,E,0.3,0.39,2100
SI2,E,0.3,0.39,1800
SI3,E,0.3,0.39,1700
I1,E,0.3,0.39,1500
I2,E,0.3,0.39,1000
I3,E,0.3,0.39,600
IF,F,0.3,0.39,3600
VVS1,F,0.3,0.39,3300
VVS2,F,0.3,0.39,2900
VS1,F,0.3,0.39,2500
VS2,F,0.3,0.39,2300
SI1,F,0.3,0.39,2000
SI2,F,0.3,0.39,1700
SI3,F,0.3,0.39,1600
I1,F,0.3,0.39,1400
I2,F,0.3,0.39,900
I3,F,0.3,0.39,600
IF,G,0.3,0.39,3300
VVS1,G,0.3,0.39,3000
VVS2,G,0.3,0.39,2700
VS1,G,0.3,0.39,2400
VS2,G,0.3,0.39,2100
SI1,G,0.3,0.39,1800
SI2,G,0.3,0.39,1600
SI3,G,0.3,0.39,1500
I1,G,0.3,0.39,1300
I2,G,0.3,0.39,800
I3,G,0.3,0.39,500
IF,H,0.3,0.39,2900
VVS1,H,0.3,0.39,2700
VVS2,H,0.3,0.39,2400
VS1,H,0.3,0.39,2100
VS2,H,0.3,0.39,1900
SI1,H,0.3,0.39,1700
SI2,H,0.3,0.39,1500
SI3,H,0.3,0.39,1400
I1,H,0.3,0.39,1200
I2,H,0.3,0.39,800
I3,H,0.3,0.39,500
IF,I,0.3,0.39,2500
VVS1,I,0.3,0.39,2300
VVS2,I,0.3,0.39,2100
VS1,I,0.3,0.39,1900
VS2,I,0.3,0.39,1700
SI1,I,0.3,0.39,1600
SI2,I,0.3,0.39,1400
SI3,I,0.3,0.39,1300
I1,I,0.3,0.39,1100
I2,I,0.3,0.39,700
I3,I,0.3,0.39,500
IF,J,0.3,0.39,2100
VVS1,J,0.3,0.39,2000
VVS2,J,0.3,0.39,1800
VS1,J,0.3,0.39,1600
VS2,J,0.3,0.39,1500
SI1,J,0.3,0.39,1400
SI2,J,0.3,0.39,1300
SI3,J,0.3,0.39,1200
I1,J,0.3,0.39,1000
I2,J,0.3,0.39,700
I3,J,0.3,0.39,400
IF,K,0.3,0.39,1900
VVS1,K,0.3,0.39,1800
VVS2,K,0.3,0.39,1600
VS1,K,0.3,0.39,1500
VS2,K,0.3,0.39,1400
SI1,K,0.3,0.39,1300
SI2,K,0.3,0.39,1200
SI3,K,0.3,0.39,1000
I1,K,0.3,0.39,800
I2,K,0.3,0.39,600
I3,K,0.3,0.39,400
IF,L,0.3,0.39,1600
VVS1,L,0.3,0.39,1500
VVS2,L,0.3,0.39,1500
VS1,L,0.3,0.39,1400
VS2,L,0.3,0.39,1300
SI1,L,0.3,0.39,1200
SI2,L,0.3,0.39,1000
SI3,L,0.3,0.39,800
I1,L,0.3,0.39,600
I2,L,0.3,0.39,500
I3,L,0.3,0.39,300
IF,M,0.3,0.39,1400
VVS1,M,0.3,0.39,1400
VVS2,M,0.3,0.39,1300
VS1,M,0.3,0.39,1200
VS2,M,0.3,0.39,1200
SI1,M,0.3,0.39,1100
SI2,M,0.3,0.39,900
SI3,M,0.3,0.39,700
I1,M,0.3,0.39,500
I2,M,0.3,0.39,400
I3,M,0.3,0.39,300
IF,D,0.4,0.49,5500
VVS1,D,0.4,0.49,4700
VVS2,D,0.4,0.49,4200
VS1,D,0.4,0.49,3900
VS2,D,0.4,0.49,3100
SI1,D,0.4,0.49,2400
SI2,D,0.4,0.49,2200
SI3,D,0.4,0.49,2000
I1,D,0.4,0.49,1600
I2,D,0.4,0.49,1200
I3,D,0.4,0.49,800
IF,E,0.4,0.49,4700
VVS1,E,0.4,0.49,4300
VVS2,E,0.4,0.49,3900
VS1,E,0.4,0.49,3500
VS2,E,0.4,0.49,2900
SI1,E,0.4,0.49,2300
SI2,E,0.4,0.49,2000
SI3,E,0.4,0.49,1900
I1,E,0.4,0.49,1600
I2,E,0.4,0.49,1100
I3,E,0.4,0.49,700
IF,F,0.4,0.49,4300
VVS1,F,0.4,0.49,3900
VVS2,F,0.4,0.49,3500
VS1,F,0.4,0.49,3100
VS2,F,0.4,0.49,2700
SI1,F,0.4,0.49,2200
SI2,F,0.4,0.49,1900
SI3,F,0.4,0.49,1800
I1,F,0.4,0.49,1500
I2,F,0.4,0.49,1100
I3,F,0.4,0.49,700
IF,G,0.4,0.49,4000
VVS1,G,0.4,0.49,3500
VVS2,G,0.4,0.49,3300
VS1,G,0.4,0.49,2900
VS2,G,0.4,0.49,2500
SI1,G,0.4,0.49,2100
SI2,G,0.4,0.49,1800
SI3,G,0.4,0.49,1700
I1,G,0.4,0.49,1400
I2,G,0.4,0.49,1000
I3,G,0.4,0.49,600
IF,H,0.4,0.49,3500
VVS1,H,0.4,0.49,3300
VVS2,H,0.4,0.49,2900
VS1,H,0.4,0.49,2600
VS2,H,0.4,0.49,2300
SI1,H,0.4,0.49,2000
SI2,H,0.4,0.49,1700
SI3,H,0.4,0.49,1600
I1,H,0.4,0.49,1300
I2,H,0.4,0.49,900
I3,H,0.4,0.49,600
IF,I,0.4,0.49,3100
VVS1,I,0.4,0.49,2800
VVS2,I,0.4,0.49,2600
VS1,I,0.4,0.49,2300
VS2,I,0.4,0.49,2100
SI1,I,0.4,0.49,1900
SI2,I,0.4,0.49,1600
SI3,I,0.4,0.49,1500
I1,I,0.4,0.49,1200
I2,I,0.4,0.49,800
I3,I,0.4,0.49,600
IF,J,0.4,0.49,2600
VVS1,J,0.4,0.49,2400
VVS2,J,0.4,0.49,2200
VS1,J,0.4,0.49,2000
VS2,J,0.4,0.49,1800
SI1,J,0.4,0.49,1600
SI2,J,0.4,0.49,1500
SI3,J,0.4,0.49,1400
I1,J,0.4,0.49,1100
I2,J,0.4,0.49,800
I3,J,0.4,0.49,500
IF,K,0.4,0.49,2400
VVS1,K,0.4,0.49,2200
VVS2,K,0.4,0.49,2000
VS1,K,0.4,0.49,1800
VS2,K,0.4,0.49,1700
SI1,K,0.4,0.49,1500
SI2,K,0.4,0.49,1300
SI3,K,0.4,0.49,1200
I1,K,0.4,0.49,900
I2,K,0.4,0.49,700
I3,K,0.4,0.49,500
IF,L,0.4,0.49,2100
VVS1,L,0.4,0.49,2000
VVS2,L,0.4,0.49,1900
VS1,L,0.4,0.49,1700
VS2,L,0.4,0.49,1600
SI1,L,0.4,0.49,1400
SI2,L,0.4,0.49,1200
SI3,L,0.4,0.49,1000
I1,L,0.4,0.49,700
I2,L,0.4,0.49,600
I3,L,0.4,0.49,400
IF,M,0.4,0.49,1800
VVS1,M,0.4,0.49,1700
VVS2,M,0.4,0.49,1600
VS1,M,0.4,0.49,1500
VS2,M,0.4,0.49,1400
SI1,M,0.4,0.49,1300
SI2,M,0.4,0.49,1000
SI3,M,0.4,0.49,800
I1,M,0.4,0.49,600
I2,M,0.4,0.49,500
I3,M,0.4,0.49,400
IF,D,0.5,0.69,9800
VVS1,D,0.5,0.69,7500
VVS2,D,0.5,0.69,6500
VS1,D,0.5,0.69,5500
VS2,D,0.5,0.69,5000
SI1,D,0.5,0.69,4100
SI2,D,0.5,0.69,3200
SI3,D,0.5,0.69,2900
I1,D,0.5,0.69,2400
I2,D,0.5,0.69,1900
I3,D,0.5,0.69,1200
IF,E,0.5,0.69,7500
VVS1,E,0.5,0.69,6500
VVS2,E,0.5,0.69,6000
VS1,E,0.5,0.69,5200
VS2,E,0.5,0.69,4500
SI1,E,0.5,0.69,3700
SI2,E,0.5,0.69,3000
SI3,E,0.5,0.69,2600
I1,E,0.5,0.69,2300
I2,E,0.5,0.69,1800
I3,E,0.5,0.69,1100
IF,F,0.5,0.69,6500
VVS1,F,0.5,0.69,6000
VVS2,F,0.5,0.69,5400
VS1,F,0.5,0.69,5000
VS2,F,0.5,0.69,4300
SI1,F,0.5,0.69,3300
SI2,F,0.5,0.69,2800
SI3,F,0.5,0.69,2400
I1,F,0.5,0.69,2200
I2,F,0.5,0.69,1700
I3,F,0.5,0.69,1100
IF,G,0.5,0.69,6100
VVS1,G,0.5,0.69,5500
VVS2,G,0.5,0.69,5000
VS1,G,0.5,0.69,4400
VS2,G,0.5,0.69,3700
SI1,G,0.5,0.69,3000
SI2,G,0.5,0.69,2400
SI3,G,0.5,0.69,2200
I1,G,0.5,0.69,2100
I2,G,0.5,0.69,1600
I3,G,0.5,0.69,1000
IF,H,0.5,0.69,5400
VVS1,H,0.5,0.69,5000
VVS2,H,0.5,0.69,4400
VS1,H,0.5,0.69,3700
VS2,H,0.5,0.69,3300
SI1,H,0.5,0.69,2800
SI2,H,0.5,0.69,2300
SI3,H,0.5,0.69,2100
I1,H,0.5,0.69,2000
I2,H,0.5,0.69,1500
I3,H,0.5,0.69,900
IF,I,0.5,0.69,4500
VVS1,I,0.5,0.69,4200
VVS2,I,0.5,0.69,3700
VS1,I,0.5,0.69,3200
VS2,I,0.5,0.69,2900
SI1,I,0.5,0.69,2400
SI2,I,0.5,0.69,2200
SI3,I,0.5,0.69,2000
I1,I,0.5,0.69,1900
I2,I,0.5,0.69,1400
I3,I,0.5,0.69,900
IF,J,0.5,0.69,3500
VVS1,J,0.5,0.69,3300
VVS2,J,0.5,0.69,3100
VS1,J,0.5,0.69,2800
VS2,J,0.5,0.69,2400
SI1,J,0.5,0.69,2200
SI2,J,0.5,0.69,2100
SI3,J,0.5,0.69,1900
I1,J,0.5,0.69,1800
I2,J,0.5,0.69,1300
I3,J,0.5,0.69,800
IF,K,0.5,0.69,3000
VVS1,K,0.5,0.69,2800
VVS2,K,0.5,0.69,2700
VS1,K,0.5,0.69,2200
VS2,K,0.5,0.69,2100
SI1,K,0.5,0.69,2000
SI2,K,0.5,0.69,1900
SI3,K,0.5,0.69,1800
I1,K,0.5,0.69,1700
I2,K,0.5,0.69,1300
I3,K,0.5,0.69,800
IF,L,0.5,0.69,2800
VVS1,L,0.5,0.69,2400
VVS2,L,0.5,0.69,2200
VS1,L,0.5,0.69,2100
VS2,L,0.5,0.69,2000
SI1,L,0.5,0.69,1900
SI2,L,0.5,0.69,1700
SI3,L,0.5,0.69,1500
I1,L,0.5,0.69,1400
I2,L,0.5,0.69,1100
I3,L,0.5,0.69,700
IF,M,0.5,0.69,2300
VVS1,M,0.5,0.69,2100
VVS2,M,0.5,0.69,2000
VS1,M,0.5,0.69,1900
VS2,M,0.5,0.69,1900
SI1,M,0.5,0.69,1800
SI2,M,0.5,0.69,1600
SI3,M,0.5,0.69,1400
I1,M,0.5,0.69,1300
I2,M,0.5,0.69,900
I3,M,0.5,0.69,600
IF,D,0.7,0.89,12500
VVS1,D,0.7,0.89,9300
VVS2,D,0.7,0.89,8300
VS1,D,0.7,0.89,7200
VS2,D,0.7,0.89,6600
SI1,D,0.7,0.89,5500
SI2,D,0.7,0.89,4900
SI3,D,0.7,0.89,4200
I1,D,0.7,0.89,3300
I2,D,0.7,0.89,2100
I3,D,0.7,0.89,1300
IF,E,0.7,0.89,9300
VVS1,E,0.7,0.89,8300
VVS2,E,0.7,0.89,7500
VS1,E,0.7,0.89,6800
VS2,E,0.7,0.89,6100
SI1,E,0.7,0.89,5300
SI2,E,0.7,0.89,4600
SI3,E,0.7,0.89,4000
I1,E,0.7,0.89,3200
I2,E,0.7,0.89,2000
I3,E,0.7,0.89,1200
IF,F,0.7,0.89,8300
VVS1,F,0.7,0.89,7500
VVS2,F,0.7,0.89,6800
VS1,F,0.7,0.89,6300
VS2,F,0.7,0.89,5500
SI1,F,0.7,0.89,5000
SI2,F,0.7,0.89,4300
SI3,F,0.7,0.89,3700
I1,F,0.7,0.89,3100
I2,F,0.7,0.89,1900
I3,F,0.7,0.89,1200
IF,G,0.7,0.89,7500
VVS1,G,0.7,0.89,6800
VVS2,G,0.7,0.89,6300
VS1,G,0.7,0.89,5500
VS2,G,0.7,0.89,5000
SI1,G,0.7,0.89,4500
SI2,G,0.7,0.89,4000
SI3,G,0.7,0.89,3500
I1,G,0.7,0.89,3000
I2,G,0.7,0.89,1800
I3,G,0.7,0.89,1100
IF,H,0.7,0.89,6800
VVS1,H,0.7,0.89,6300
VVS2,H,0.7,0.89,5500
VS1,H,0.7,0.89,5000
VS2,H,0.7,0.89,4500
SI1,H,0.7,0.89,4200
SI2,H,0.7,0.89,3700
SI3,H,0.7,0.89,3300
I1,H,0.7,0.89,2800
I2,H,0.7,0.89,1700
I3,H,0.7,0.89,1100
IF,I,0.7,0.89,5500
VVS1,I,0.7,0.89,5200
VVS2,I,0.7,0.89,5000
VS1,I,0.7,0.89,4500
VS2,I,0.7,0.89,4200
SI1,I,0.7,0.89,3700
SI2,I,0.7,0.89,3200
SI3,I,0.7,0.89,3000
I1,I,0.7,0.89,2600
I2,I,0.7,0.89,1600
I3,I,0.7,0.89,1100
IF,J,0.7,0.89,4100
VVS1,J,0.7,0.89,4000
VVS2,J,0.7,0.89,3900
VS1,J,0.7,0.89,3500
VS2,J,0.7,0.89,3300
SI1,J,0.7,0.89,3200
SI2,J,0.7,0.89,3000
SI3,J,0.7,0.89,2600
I1,J,0.7,0.89,2400
I2,J,0.7,0.89,1500
I3,J,0.7,0.89,1000
IF,K,0.7,0.89,3500
VVS1,K,0.7,0.89,3400
VVS2,K,0.7,0.89,3200
VS1,K,0.7,0.89,3000
VS2,K,0.7,0.89,2800
SI1,K,0.7,0.89,2600
SI2,K,0.7,0.89,2400
SI3,K,0.7,0.89,2300
I1,K,0.7,0.89,2000
I2,K,0.7,0.89,1400
I3,K,0.7,0.89,1000
IF,L,0.7,0.89,3100
VVS1,L,0.7,0.89,2900
VVS2,L,0.7,0.89,2800
VS1,L,0.7,0.89,2500
VS2,L,0.7,0.89,2400
SI1,L,0.7,0.89,2300
SI2,L,0.7,0.89,2100
SI3,L,0.7,0.89,2000
I1,L,0.7,0.89,1800
I2,L,0.7,0.89,1200
I3,L,0.7,0.89,900
IF,M,0.7,0.89,3000
VVS1,M,0.7,0.89,2800
VVS2,M,0.7,0.89,2600
VS1,M,0.7,0.89,2400
VS2,M,0.7,0.89,2300
SI1,M,0.7,0.89,2200
SI2,M,0.7,0.89,2000
SI3,M,0.7,0.89,1800
I1,M,0.7,0.89,1500
I2,M,0.7,0.89,1100
I3,M,0.7,0.89,700
IF,D,0.9,0.99,17000
VVS1,D,0.9,0.99,13500
VVS2,D,0.9,0.99,12000
VS1,D,0.9,0.99,9400
VS2,D,0.9,0.99,7900
SI1,D,0.9,0.99,7300
SI2,D,0.9,0.99,6400
SI3,D,0.9,0.99,5100
I1,D,0.9,0.99,4200
I2,D,0.9,0.99,2400
I3,D,0.9,0.99,1500
IF,E,0.9,0.99,13500
VVS1,E,0.9,0.99,12000
VVS2,E,0.9,0.99,10500
VS1,E,0.9,0.99,8600
VS2,E,0.9,0.99,7500
SI1,E,0.9,0.99,6800
SI2,E,0.9,0.99,6200
SI3,E,0.9,0.99,5000
I1,E,0.9,0.99,4100
I2,E,0.9,0.99,2300
I3,E,0.9,0.99,1400
IF,F,0.9,0.99,12000
VVS1,F,0.9,0.99,10500
VVS2,F,0.9,0.99,9200
VS1,F,0.9,0.99,7900
VS2,F,0.9,0.99,7200
SI1,F,0.9,0.99,6500
SI2,F,0.9,0.99,5800
SI3,F,0.9,0.99,4800
I1,F,0.9,0.99,4000
I2,F,0.9,0.99,2200
I3,F,0.9,0.99,1400
IF,G,0.9,0.99,10500
VVS1,G,0.9,0.99,9200
VVS2,G,0.9,0.99,7900
VS1,G,0.9,0.99,7200
VS2,G,0.9,0.99,6500
SI1,G,0.9,0.99,5900
SI2,G,0.9,0.99,5300
SI3,G,0.9,0.99,4600
I1,G,0.9,0.99,3900
I2,G,0.9,0.99,2100
I3,G,0.9,0.99,1300
IF,H,0.9,0.99,8800
VVS1,H,0.9,0.99,7900
VVS2,H,0.9,0.99,7200
VS1,H,0.9,0.99,6500
VS2,H,0.9,0.99,6100
SI1,H,0.9,0.99,5500
SI2,H,0.9,0.99,5100
SI3,H,0.9,0.99,4400
I1,H,0.9,0.99,3600
I2,H,0.9,0.99,2000
I3,H,0.9,0.99,1300
IF,I,0.9,0.99,7500
VVS1,I,0.9,0.99,6800
VVS2,I,0.9,0.99,6300
VS1,I,0.9,0.99,5900
VS2,I,0.9,0.99,5500
SI1,I,0.9,0.99,5000
SI2,I,0.9,0.99,4500
SI3,I,0.9,0.99,4000
I1,I,0.9,0.99,3300
I2,I,0.9,0.99,1900
I3,I,0.9,0.99,1200
IF,J,0.9,0.99,6500
VVS1,J,0.9,0.99,5800
VVS2,J,0.9,0.99,5400
VS1,J,0.9,0.99,5100
VS2,J,0.9,0.99,4700
SI1,J,0.9,0.99,4400
SI2,J,0.9,0.99,4000
SI3,J,0.9,0.99,3600
I1,J,0.9,0.99,3000
I2,J,0.9,0.99,1800
I3,J,0.9,0.99,1200
IF,K,0.9,0.99,5200
VVS1,K,0.9,0.99,4800
VVS2,K,0.9,0.99,4500
VS1,K,0.9,0.99,4200
VS2,K,0.9,0.99,4000
SI1,K,0.9,0.99,3700
SI2,K,0.9,0.99,3300
SI3,K,0.9,0.99,3000
I1,K,0.9,0.99,2500
I2,K,0.9,0.99,1600
I3,K,0.9,0.99,1100
IF,L,0.9,0.99,4500
VVS1,L,0.9,0.99,4300
VVS2,L,0.9,0.99,4100
VS1,L,0.9,0.99,3900
VS2,L,0.9,0.99,3500
SI1,L,0.9,0.99,3200
SI2,L,0.9,0.99,3000
SI3,L,0.9,0.99,2600
I1,L,0.9,0.99,2300
I2,L,0.9,0.99,1500
I3,L,0.9,0.99,1000
IF,M,0.9,0.99,4100
VVS1,M,0.9,0.99,3900
VVS2,M,0.9,0.99,3500
VS1,M,0.9,0.99,3300
VS2,M,0.9,0.99,3100
SI1,M,0.9,0.99,3000
SI2,M,0.9,0.99,2800
SI3,M,0.9,0.99,2300
I1,M,0.9,0.99,2100
I2,M,0.9,0.99,1400
I3,M,0.9,0.99,1000
IF,D,1,1.49,29000
VVS1,D,1,1.49,21000
VVS2,D,1,1.49,18500
VS1,D,1,1.49,14400
VS2,D,1,1.49,12000
SI1,D,1,1.49,8500
SI2,D,1,1.49,7300
SI3,D,1,1.49,6000
I1,D,1,1.49,4900
I2,D,1,1.49,3000
I3,D,1,1.49,1700
IF,E,1,1.49,21000
VVS1,E,1,1.49,18500
VVS2,E,1,1.49,15000
VS1,E,1,1.49,12500
VS2,E,1,1.49,10500
SI1,E,1,1.49,8000
SI2,E,1,1.49,7000
SI3,E,1,1.49,5500
I1,E,1,1.49,4700
I2,E,1,1.49,2900
I3,E,1,1.49,1600
IF,F,1,1.49,18000
VVS1,F,1,1.49,15000
VVS2,F,1,1.49,12500
VS1,F,1,1.49,11500
VS2,F,1,1.49,9500
SI1,F,1,1.49,7700
SI2,F,1,1.49,6600
SI3,F,1,1.49,5200
I1,F,1,1.49,4600
I2,F,1,1.49,2800
I3,F,1,1.49,1500
IF,G,1,1.49,14000
VVS1,G,1,1.49,12500
VVS2,G,1,1.49,11500
VS1,G,1,1.49,9500
VS2,G,1,1.49,8700
SI1,G,1,1.49,7400
SI2,G,1,1.49,6400
SI3,G,1,1.49,5000
I1,G,1,1.49,4500
I2,G,1,1.49,2700
I3,G,1,1.49,1400
IF,H,1,1.49,11500
VVS1,H,1,1.49,10700
VVS2,H,1,1.49,9500
VS1,H,1,1.49,8500
VS2,H,1,1.49,7700
SI1,H,1,1.49,6900
SI2,H,1,1.49,6100
SI3,H,1,1.49,4900
I1,H,1,1.49,4300
I2,H,1,1.49,2600
I3,H,1,1.49,1400
IF,I,1,1.49,9500
VVS1,I,1,1.49,9000
VVS2,I,1,1.49,8000
VS1,I,1,1.49,7400
VS2,I,1,1.49,6900
SI1,I,1,1.49,6300
SI2,I,1,1.49,5600
SI3,I,1,1.49,4700
I1,I,1,1.49,3900
I2,I,1,1.49,2400
I3,I,1,1.49,1300
IF,J,1,1.49,8000
VVS1,J,1,1.49,7400
VVS2,J,1,1.49,7100
VS1,J,1,1.49,6600
VS2,J,1,1.49,6300
SI1,J,1,1.49,5600
SI2,J,1,1.49,5200
SI3,J,1,1.49,4300
I1,J,1,1.49,3400
I2,J,1,1.49,2200
I3,J,1,1.49,1300
IF,K,1,1.49,6900
VVS1,K,1,1.49,6600
VVS2,K,1,1.49,6200
VS1,K,1,1.49,5900
VS2,K,1,1.49,5600
SI1,K,1,1.49,4900
SI2,K,1,1.49,4500
SI3,K,1,1.49,3900
I1,K,1,1.49,3100
I2,K,1,1.49,2000
I3,K,1,1.49,1200
IF,L,1,1.49,5700
VVS1,L,1,1.49,5600
VVS2,L,1,1.49,5200
VS1,L,1,1.49,5000
VS2,L,1,1.49,4700
SI1,L,1,1.49,4400
SI2,L,1,1.49,4000
SI3,L,1,1.49,3500
I1,L,1,1.49,2900
I2,L,1,1.49,1800
I3,L,1,1.49,1100
IF,M,1,1.49,5000
VVS1,M,1,1.49,4700
VVS2,M,1,1.49,4400
VS1,M,1,1.49,4100
VS2,M,1,1.49,3800
SI1,M,1,1.49,3600
SI2,M,1,1.49,3200
SI3,M,1,1.49,2900
I1,M,1,1.49,2600
I2,M,1,1.49,1700
I3,M,1,1.49,1100
IF,D,1.5,1.99,35000
VVS1,D,1.5,1.99,26000
VVS2,D,1.5,1.99,23000
VS1,D,1.5,1.99,19000
VS2,D,1.5,1.99,16000
SI1,D,1.5,1.99,11800
SI2,D,1.5,1.99,9400
SI3,D,1.5,1.99,7300
I1,D,1.5,1.99,5900
I2,D,1.5,1.99,3300
I3,D,1.5,1.99,1900
IF,E,1.5,1.99,26000
VVS1,E,1.5,1.99,23000
VVS2,E,1.5,1.99,19500
VS1,E,1.5,1.99,17000
VS2,E,1.5,1.99,14500
SI1,E,1.5,1.99,11200
SI2,E,1.5,1.99,9000
SI3,E,1.5,1.99,7000
I1,E,1.5,1.99,5600
I2,E,1.5,1.99,3200
I3,E,1.5,1.99,1800
IF,F,1.5,1.99,22500
VVS1,F,1.5,1.99,19500
VVS2,F,1.5,1.99,17000
VS1,F,1.5,1.99,15000
VS2,F,1.5,1.99,13000
SI1,F,1.5,1.99,10700
SI2,F,1.5,1.99,8500
SI3,F,1.5,1.99,6600
I1,F,1.5,1.99,5400
I2,F,1.5,1.99,3100
I3,F,1.5,1.99,1700
IF,G,1.5,1.99,17500
VVS1,G,1.5,1.99,16000
VVS2,G,1.5,1.99,14500
VS1,G,1.5,1.99,13000
VS2,G,1.5,1.99,11800
SI1,G,1.5,1.99,10000
SI2,G,1.5,1.99,7900
SI3,G,1.5,1.99,6300
I1,G,1.5,1.99,5100
I2,G,1.5,1.99,3000
I3,G,1.5,1.99,1600
IF,H,1.5,1.99,14400
VVS1,H,1.5,1.99,13400
VVS2,H,1.5,1.99,12300
VS1,H,1.5,1.99,11200
VS2,H,1.5,1.99,10200
SI1,H,1.5,1.99,9100
SI2,H,1.5,1.99,7500
SI3,H,1.5,1.99,5900
I1,H,1.5,1.99,4900
I2,H,1.5,1.99,2900
I3,H,1.5,1.99,1600
IF,I,1.5,1.99,11800
VVS1,I,1.5,1.99,11200
VVS2,I,1.5,1.99,10700
VS1,I,1.5,1.99,9600
VS2,I,1.5,1.99,8800
SI1,I,1.5,1.99,7800
SI2,I,1.5,1.99,6700
SI3,I,1.5,1.99,5400
I1,I,1.5,1.99,4600
I2,I,1.5,1.99,2700
I3,I,1.5,1.99,1500
IF,J,1.5,1.99,10200
VVS1,J,1.5,1.99,9400
VVS2,J,1.5,1.99,8900
VS1,J,1.5,1.99,8200
VS2,J,1.5,1.99,7500
SI1,J,1.5,1.99,6700
SI2,J,1.5,1.99,6000
SI3,J,1.5,1.99,4800
I1,J,1.5,1.99,4000
I2,J,1.5,1.99,2500
I3,J,1.5,1.99,1500
IF,K,1.5,1.99,7900
VVS1,K,1.5,1.99,7600
VVS2,K,1.5,1.99,7300
VS1,K,1.5,1.99,7000
VS2,K,1.5,1.99,6500
SI1,K,1.5,1.99,5900
SI2,K,1.5,1.99,5100
SI3,K,1.5,1.99,4300
I1,K,1.5,1.99,3600
I2,K,1.5,1.99,2200
I3,K,1.5,1.99,1400
IF,L,1.5,1.99,6800
VVS1,L,1.5,1.99,6500
VVS2,L,1.5,1.99,6200
VS1,L,1.5,1.99,5900
VS2,L,1.5,1.99,5500
SI1,L,1.5,1.99,5100
SI2,L,1.5,1.99,4600
SI3,L,1.5,1.99,4000
I1,L,1.5,1.99,3300
I2,L,1.5,1.99,2100
I3,L,1.5,1.99,1300
IF,M,1.5,1.99,5900
VVS1,M,1.5,1.99,5600
VVS2,M,1.5,1.99,5200
VS1,M,1.5,1.99,4900
VS2,M,1.5,1.99,4400
SI1,M,1.5,1.99,4200
SI2,M,1.5,1.99,3900
SI3,M,1.5,1.99,3400
I1,M,1.5,1.99,3000
I2,M,1.5,1.99,1900
I3,M,1.5,1.99,1300
IF,D,2,2.99,53000
VVS1,D,2,2.99,40000
VVS2,D,2,2.99,35500
VS1,D,2,2.99,30000
VS2,D,2,2.99,22000
SI1,D,2,2.99,16000
SI2,D,2,2.99,12500
SI3,D,2,2.99,8900
I1,D,2,2.99,6800
I2,D,2,2.99,3600
I3,D,2,2.99,2000
IF,E,2,2.99,40000
VVS1,E,2,2.99,35500
VVS2,E,2,2.99,30500
VS1,E,2,2.99,26000
VS2,E,2,2.99,19500
SI1,E,2,2.99,15000
SI2,E,2,2.99,12000
SI3,E,2,2.99,8600
I1,E,2,2.99,6600
I2,E,2,2.99,3500
I3,E,2,2.99,1900
IF,F,2,2.99,35000
VVS1,F,2,2.99,30500
VVS2,F,2,2.99,26500
VS1,F,2,2.99,22500
VS2,F,2,2.99,18500
SI1,F,2,2.99,14000
SI2,F,2,2.99,11500
SI3,F,2,2.99,8200
I1,F,2,2.99,6400
I2,F,2,2.99,3400
I3,F,2,2.99,1800
IF,G,2,2.99,27500
VVS1,G,2,2.99,23500
VVS2,G,2,2.99,21000
VS1,G,2,2.99,18000
VS2,G,2,2.99,16100
SI1,G,2,2.99,13000
SI2,G,2,2.99,11000
SI3,G,2,2.99,7700
I1,G,2,2.99,6200
I2,G,2,2.99,3300
I3,G,2,2.99,1700
IF,H,2,2.99,20500
VVS1,H,2,2.99,19500
VVS2,H,2,2.99,18000
VS1,H,2,2.99,16000
VS2,H,2,2.99,13500
SI1,H,2,2.99,12000
SI2,H,2,2.99,10500
SI3,H,2,2.99,7200
I1,H,2,2.99,5900
I2,H,2,2.99,3200
I3,H,2,2.99,1700
IF,I,2,2.99,16000
VVS1,I,2,2.99,15500
VVS2,I,2,2.99,15000
VS1,I,2,2.99,12800
VS2,I,2,2.99,11500
SI1,I,2,2.99,10500
SI2,I,2,2.99,9500
SI3,I,2,2.99,6600
I1,I,2,2.99,5500
I2,I,2,2.99,3000
I3,I,2,2.99,1600
IF,J,2,2.99,12500
VVS1,J,2,2.99,12000
VVS2,J,2,2.99,11500
VS1,J,2,2.99,10500
VS2,J,2,2.99,9500
SI1,J,2,2.99,8900
SI2,J,2,2.99,8000
SI3,J,2,2.99,6100
I1,J,2,2.99,5100
I2,J,2,2.99,2700
I3,J,2,2.99,1600
IF,K,2,2.99,11500
VVS1,K,2,2.99,11000
VVS2,K,2,2.99,10500
VS1,K,2,2.99,9400
VS2,K,2,2.99,8800
SI1,K,2,2.99,8000
SI2,K,2,2.99,7000
SI3,K,2,2.99,5700
I1,K,2,2.99,4500
I2,K,2,2.99,2600
I3,K,2,2.99,1500
IF,L,2,2.99,9300
VVS1,L,2,2.99,8600
VVS2,L,2,2.99,8100
VS1,L,2,2.99,7600
VS2,L,2,2.99,7000
SI1,L,2,2.99,6300
SI2,L,2,2.99,6000
SI3,L,2,2.99,5000
I1,L,2,2.99,4000
I2,L,2,2.99,2500
I3,L,2,2.99,1400
IF,M,2,2.99,7800
VVS1,M,2,2.99,7600
VVS2,M,2,2.99,7400
VS1,M,2,2.99,7000
VS2,M,2,2.99,6100
SI1,M,2,2.99,5400
SI2,M,2,2.99,4800
SI3,M,2,2.99,4300
I1,M,2,2.99,3200
I2,M,2,2.99,2400
I3,M,2,2.99,1400
IF,D,3,3.99,105000
VVS1,D,3,3.99,69000
VVS2,D,3,3.99,60000
VS1,D,3,3.99,48000
VS2,D,3,3.99,37500
SI1,D,3,3.99,23000
SI2,D,3,3.99,16000
SI3,D,3,3.99,10000
I1,D,3,3.99,8000
I2,D,3,3.99,4100
I3,D,3,3.99,2200
IF,E,3,3.99,69000
VVS1,E,3,3.99,60000
VVS2,E,3,3.99,50500
VS1,E,3,3.99,42000
VS2,E,3,3.99,33500
SI1,E,3,3.99,21000
SI2,E,3,3.99,15500
SI3,E,3,3.99,9500
I1,E,3,3.99,7500
I2,E,3,3.99,3900
I3,E,3,3.99,2100
IF,F,3,3.99,60000
VVS1,F,3,3.99,50500
VVS2,F,3,3.99,42500
VS1,F,3,3.99,35500
VS2,F,3,3.99,31000
SI1,F,3,3.99,19000
SI2,F,3,3.99,15000
SI3,F,3,3.99,9000
I1,F,3,3.99,7000
I2,F,3,3.99,3700
I3,F,3,3.99,2000
IF,G,3,3.99,45500
VVS1,G,3,3.99,40000
VVS2,G,3,3.99,35500
VS1,G,3,3.99,31000
VS2,G,3,3.99,25500
SI1,G,3,3.99,17500
SI2,G,3,3.99,13500
SI3,G,3,3.99,8500
I1,G,3,3.99,7000
I2,G,3,3.99,3600
I3,G,3,3.99,1900
IF,H,3,3.99,34000
VVS1,H,3,3.99,32000
VVS2,H,3,3.99,28500
VS1,H,3,3.99,25500
VS2,H,3,3.99,20500
SI1,H,3,3.99,15000
SI2,H,3,3.99,12500
SI3,H,3,3.99,8000
I1,H,3,3.99,6600
I2,H,3,3.99,3500
I3,H,3,3.99,1900
IF,I,3,3.99,24500
VVS1,I,3,3.99,23500
VVS2,I,3,3.99,22500
VS1,I,3,3.99,20000
VS2,I,3,3.99,17000
SI1,I,3,3.99,12500
SI2,I,3,3.99,11000
SI3,I,3,3.99,7500
I1,I,3,3.99,6200
I2,I,3,3.99,3300
I3,I,3,3.99,1800
IF,J,3,3.99,19000
VVS1,J,3,3.99,18500
VVS2,J,3,3.99,18000
VS1,J,3,3.99,16500
VS2,J,3,3.99,14000
SI1,J,3,3.99,11000
SI2,J,3,3.99,10000
SI3,J,3,3.99,7000
I1,J,3,3.99,5600
I2,J,3,3.99,3000
I3,J,3,3.99,1800
IF,K,3,3.99,16000
VVS1,K,3,3.99,15500
VVS2,K,3,3.99,15000
VS1,K,3,3.99,13500
VS2,K,3,3.99,12000
SI1,K,3,3.99,10000
SI2,K,3,3.99,8600
SI3,K,3,3.99,6400
I1,K,3,3.99,4900
I2,K,3,3.99,2800
I3,K,3,3.99,1700
IF,L,3,3.99,12300
VVS1,L,3,3.99,11800
VVS2,L,3,3.99,11200
VS1,L,3,3.99,10700
VS2,L,3,3.99,9600
SI1,L,3,3.99,7500
SI2,L,3,3.99,6400
SI3,L,3,3.99,5400
I1,L,3,3.99,4300
I2,L,3,3.99,2700
I3,L,3,3.99,1600
IF,M,3,3.99,10200
VVS1,M,3,3.99,9800
VVS2,M,3,3.99,9500
VS1,M,3,3.99,8800
VS2,M,3,3.99,8000
SI1,M,3,3.99,6400
SI2,M,3,3.99,5400
SI3,M,3,3.99,4800
I1,M,3,3.99,3500
I2,M,3,3.99,2600
I3,M,3,3.99,1600
IF,D,4,4.99,115000
VVS1,D,4,4.99,78000
VVS2,D,4,4.99,71000
VS1,D,4,4.99,57500
VS2,D,4,4.99,45000
SI1,D,4,4.99,27500
SI2,D,4,4.99,19000
SI3,D,4,4.99,10500
I1,D,4,4.99,8900
I2,D,4,4.99,4500
I3,D,4,4.99,2400
IF,E,4,4.99,78000
VVS1,E,4,4.99,71000
VVS2,E,4,4.99,61000
VS1,E,4,4.99,51500
VS2,E,4,4.99,42500
SI1,E,4,4.99,26500
SI2,E,4,4.99,18500
SI3,E,4,4.99,10000
I1,E,4,4.99,8400
I2,E,4,4.99,4400
I3,E,4,4.99,2300
IF,F,4,4.99,71000
VVS1,F,4,4.99,61000
VVS2,F,4,4.99,54000
VS1,F,4,4.99,46500
VS2,F,4,4.99,38500
SI1,F,4,4.99,24500
SI2,F,4,4.99,18000
SI3,F,4,4.99,9500
I1,F,4,4.99,7900
I2,F,4,4.99,4200
I3,F,4,4.99,2200
IF,G,4,4.99,53500
VVS1,G,4,4.99,47500
VVS2,G,4,4.99,43500
VS1,G,4,4.99,40500
VS2,G,4,4.99,33000
SI1,G,4,4.99,21500
SI2,G,4,4.99,16500
SI3,G,4,4.99,8900
I1,G,4,4.99,7400
I2,G,4,4.99,4000
I3,G,4,4.99,2100
IF,H,4,4.99,40000
VVS1,H,4,4.99,38000
VVS2,H,4,4.99,34500
VS1,H,4,4.99,32000
VS2,H,4,4.99,27000
SI1,H,4,4.99,19000
SI2,H,4,4.99,15500
SI3,H,4,4.99,8400
I1,H,4,4.99,6800
I2,H,4,4.99,3800
I3,H,4,4.99,2100
IF,I,4,4.99,29000
VVS1,I,4,4.99,27500
VVS2,I,4,4.99,25500
VS1,I,4,4.99,23500
VS2,I,4,4.99,20500
SI1,I,4,4.99,16000
SI2,I,4,4.99,13500
SI3,I,4,4.99,7900
I1,I,4,4.99,6400
I2,I,4,4.99,3600
I3,I,4,4.99,2000
IF,J,4,4.99,23500
VVS1,J,4,4.99,22500
VVS2,J,4,4.99,21000
VS1,J,4,4.99,19000
VS2,J,4,4.99,17000
SI1,J,4,4.99,14000
SI2,J,4,4.99,12000
SI3,J,4,4.99,7400
I1,J,4,4.99,5800
I2,J,4,4.99,3400
I3,J,4,4.99,1900
IF,K,4,4.99,19500
VVS1,K,4,4.99,18500
VVS2,K,4,4.99,17500
VS1,K,4,4.99,16000
VS2,K,4,4.99,14500
SI1,K,4,4.99,11500
SI2,K,4,4.99,10000
SI3,K,4,4.99,6800
I1,K,4,4.99,5300
I2,K,4,4.99,3200
I3,K,4,4.99,1800
IF,L,4,4.99,14000
VVS1,L,4,4.99,13000
VVS2,L,4,4.99,12000
VS1,L,4,4.99,11500
VS2,L,4,4.99,10500
SI1,L,4,4.99,8500
SI2,L,4,4.99,7400
SI3,L,4,4.99,5800
I1,L,4,4.99,4600
I2,L,4,4.99,3000
I3,L,4,4.99,1700
IF,M,4,4.99,12000
VVS1,M,4,4.99,11000
VVS2,M,4,4.99,10500
VS1,M,4,4.99,10000
VS2,M,4,4.99,9000
SI1,M,4,4.99,7400
SI2,M,4,4.99,6200
SI3,M,4,4.99,5300
I1,M,4,4.99,3900
I2,M,4,4.99,2800
I3,M,4,4.99,1700
IF,D,5,5.99,156000
VVS1,D,5,5.99,107000
VVS2,D,5,5.99,94000
VS1,D,5,5.99,80500
VS2,D,5,5.99,62000
SI1,D,5,5.99,37000
SI2,D,5,5.99,24000
SI3,D,5,5.99,11500
I1,D,5,5.99,9500
I2,D,5,5.99,5000
I3,D,5,5.99,2600
IF,E,5,5.99,107000
VVS1,E,5,5.99,94000
VVS2,E,5,5.99,84000
VS1,E,5,5.99,73500
VS2,E,5,5.99,57000
SI1,E,5,5.99,34000
SI2,E,5,5.99,23500
SI3,E,5,5.99,11000
I1,E,5,5.99,9000
I2,E,5,5.99,4700
I3,E,5,5.99,2500
IF,F,5,5.99,92000
VVS1,F,5,5.99,84000
VVS2,F,5,5.99,75000
VS1,F,5,5.99,66000
VS2,F,5,5.99,49000
SI1,F,5,5.99,31500
SI2,F,5,5.99,22500
SI3,F,5,5.99,10500
I1,F,5,5.99,8500
I2,F,5,5.99,4500
I3,F,5,5.99,2400
IF,G,5,5.99,69000
VVS1,G,5,5.99,63000
VVS2,G,5,5.99,56500
VS1,G,5,5.99,50500
VS2,G,5,5.99,42500
SI1,G,5,5.99,27500
SI2,G,5,5.99,21500
SI3,G,5,5.99,10000
I1,G,5,5.99,8000
I2,G,5,5.99,4300
I3,G,5,5.99,2300
IF,H,5,5.99,54000
VVS1,H,5,5.99,49000
VVS2,H,5,5.99,45000
VS1,H,5,5.99,40000
VS2,H,5,5.99,33500
SI1,H,5,5.99,24000
SI2,H,5,5.99,19000
SI3,H,5,5.99,9000
I1,H,5,5.99,7500
I2,H,5,5.99,4100
I3,H,5,5.99,2200
IF,I,5,5.99,40000
VVS1,I,5,5.99,37000
VVS2,I,5,5.99,35500
VS1,I,5,5.99,31500
VS2,I,5,5.99,28000
SI1,I,5,5.99,21000
SI2,I,5,5.99,16500
SI3,I,5,5.99,8300
I1,I,5,5.99,7000
I2,I,5,5.99,3900
I3,I,5,5.99,2100
IF,J,5,5.99,30000
VVS1,J,5,5.99,28000
VVS2,J,5,5.99,26500
VS1,J,5,5.99,24500
VS2,J,5,5.99,23500
SI1,J,5,5.99,18000
SI2,J,5,5.99,14500
SI3,J,5,5.99,7500
I1,J,5,5.99,6500
I2,J,5,5.99,3700
I3,J,5,5.99,2000
IF,K,5,5.99,23500
VVS1,K,5,5.99,22000
VVS2,K,5,5.99,20500
VS1,K,5,5.99,18500
VS2,K,5,5.99,17500
SI1,K,5,5.99,14500
SI2,K,5,5.99,12000
SI3,K,5,5.99,7000
I1,K,5,5.99,6000
I2,K,5,5.99,3400
I3,K,5,5.99,1900
IF,L,5,5.99,17000
VVS1,L,5,5.99,16000
VVS2,L,5,5.99,15000
VS1,L,5,5.99,14000
VS2,L,5,5.99,13000
SI1,L,5,5.99,11000
SI2,L,5,5.99,8500
SI3,L,5,5.99,6000
I1,L,5,5.99,5000
I2,L,5,5.99,3200
I3,L,5,5.99,1800
IF,M,5,5.99,14000
VVS1,M,5,5.99,13500
VVS2,M,5,5.99,13000
VS1,M,5,5.99,12500
VS2,M,5,5.99,11500
SI1,M,5,5.99,10000
SI2,M,5,5.99,7500
SI3,M,5,5.99,5500
I1,M,5,5.99,4000
I2,M,5,5.99,3000
I3,M,5,5.99,1800
IF,D,10,10.99,250000
VVS1,D,10,10.99,160000
VVS2,D,10,10.99,142000
VS1,D,10,10.99,123000
VS2,D,10,10.99,96000
SI1,D,10,10.99,60000
SI2,D,10,10.99,38500
SI3,D,10,10.99,18000
I1,D,10,10.99,11000
I2,D,10,10.99,6100
I3,D,10,10.99,3000
IF,E,10,10.99,160000
VVS1,E,10,10.99,142000
VVS2,E,10,10.99,127000
VS1,E,10,10.99,109000
VS2,E,10,10.99,87500
SI1,E,10,10.99,55500
SI2,E,10,10.99,37500
SI3,E,10,10.99,17000
I1,E,10,10.99,10500
I2,E,10,10.99,5900
I3,E,10,10.99,2800
IF,F,10,10.99,136500
VVS1,F,10,10.99,124000
VVS2,F,10,10.99,110000
VS1,F,10,10.99,95000
VS2,F,10,10.99,76500
SI1,F,10,10.99,51500
SI2,F,10,10.99,36500
SI3,F,10,10.99,16500
I1,F,10,10.99,10000
I2,F,10,10.99,5700
I3,F,10,10.99,2700
IF,G,10,10.99,108000
VVS1,G,10,10.99,100000
VVS2,G,10,10.99,90000
VS1,G,10,10.99,80000
VS2,G,10,10.99,67000
SI1,G,10,10.99,46500
SI2,G,10,10.99,34500
SI3,G,10,10.99,16000
I1,G,10,10.99,9500
I2,G,10,10.99,5400
I3,G,10,10.99,2600
IF,H,10,10.99,87000
VVS1,H,10,10.99,80000
VVS2,H,10,10.99,72500
VS1,H,10,10.99,64500
VS2,H,10,10.99,54500
SI1,H,10,10.99,39000
SI2,H,10,10.99,31000
SI3,H,10,10.99,14000
I1,H,10,10.99,9000
I2,H,10,10.99,5300
I3,H,10,10.99,2500
IF,I,10,10.99,63000
VVS1,I,10,10.99,60000
VVS2,I,10,10.99,56000
VS1,I,10,10.99,49500
VS2,I,10,10.99,44000
SI1,I,10,10.99,33500
SI2,I,10,10.99,26500
SI3,I,10,10.99,12500
I1,I,10,10.99,8500
I2,I,10,10.99,5000
I3,I,10,10.99,2400
IF,J,10,10.99,47000
VVS1,J,10,10.99,45000
VVS2,J,10,10.99,43000
VS1,J,10,10.99,41000
VS2,J,10,10.99,37000
SI1,J,10,10.99,28500
SI2,J,10,10.99,23000
SI3,J,10,10.99,11500
I1,J,10,10.99,8000
I2,J,10,10.99,4700
I3,J,10,10.99,2300
IF,K,10,10.99,35000
VVS1,K,10,10.99,33000
VVS2,K,10,10.99,32000
VS1,K,10,10.99,30500
VS2,K,10,10.99,27500
SI1,K,10,10.99,22500
SI2,K,10,10.99,18500
SI3,K,10,10.99,10500
I1,K,10,10.99,7500
I2,K,10,10.99,4400
I3,K,10,10.99,2200
IF,L,10,10.99,25000
VVS1,L,10,10.99,25000
VVS2,L,10,10.99,23500
VS1,L,10,10.99,22000
VS2,L,10,10.99,20000
SI1,L,10,10.99,17000
SI2,L,10,10.99,12500
SI3,L,10,10.99,9200
I1,L,10,10.99,6500
I2,L,10,10.99,4100
I3,L,10,10.99,2100
IF,M,10,10.99,22000
VVS1,M,10,10.99,21500
VVS2,M,10,10.99,20000
VS1,M,10,10.99,19000
VS2,M,10,10.99,17500
SI1,M,10,10.99,14000
SI2,M,10,10.99,11500
SI3,M,10,10.99,8000
I1,M,10,10.99,5500
I2,M,10,10.99,3700
I3,M,10,10.99,2000
